<root>
   <name>TelegramBot</name>
   <key>telegrambot</key>
   <!-- stable, beta, development, alpha, ... -->
   <state>stable</state>
   <logo>https://raw.githubusercontent.com/pluginsGLPI/telegrambot/master/telegrambot.png</logo>
   <description>
      <short>
         <!-- Add as many lang tag you want -->
         <en>TelegramBot 3.0 GLPI plugin.</en>
      </short>
      <long>
         <!-- Add as many lang tag you want -->
         <en>
            Telegram bot 3.0 for GLPI.

            Video Preview
            --------
            https://youtu.be/TKqIpIaAIAE
         </en>
      </long>
   </description>
   <homepage>https://github.com/pluginsGLPI/telegrambot</homepage>
   <download>https://github.com/pluginsGLPI/telegrambot/releases</download>
   <issues>https://github.com/pluginsGLPI/telegrambot/issues</issues>
   <readme>https://github.com/pluginsGLPI/telegrambot/blob/master/README.md</readme>
   <authors>
      <!-- Add as many author tag you want -->
      <author>Truly Systems</author>
   </authors>
   <versions>
      <!-- Add as many version tag you want -->
      <version>
         <num>3.0.0</num>
         <!-- Add as many compatibility tag you want -->
         <compatibility>9.4</compatibility>
      </version>
   </versions>
   <langs>
      <!-- Add as many lang tag you want -->
      <lang>en_GB</lang>
   </langs>
   <license>GPL V3+</license>
   <tags>
      <en>
         <tag>Telegram</tag>
         <tag>Bot</tag>
         <tag>Notification</tag>
         <tag>Message</tag>
      </en>
   </tags>
   <screenshots>
      <screenshot>https://raw.githubusercontent.com/pluginsGLPI/telegrambot/master/screenshots/screenshot1.png</screenshot>
      <screenshot>https://raw.githubusercontent.com/pluginsGLPI/telegrambot/master/screenshots/screenshot2.png</screenshot>
      <screenshot>https://raw.githubusercontent.com/pluginsGLPI/telegrambot/master/screenshots/screenshot3.png</screenshot>
      <screenshot>https://raw.githubusercontent.com/pluginsGLPI/telegrambot/master/screenshots/screenshot4.png</screenshot>
      <screenshot>https://raw.githubusercontent.com/pluginsGLPI/telegrambot/master/screenshots/screenshot5.png</screenshot>
   </screenshots>
</root>